{
  "project_info": {
    "project_number": "803760925569",
    "project_id": "login-102e8",
    "storage_bucket": "login-102e8.firebasestorage.app"
  },
  "client": [
    {
      "client_info": {
        "mobilesdk_app_id": "1:803760925569:android:d1e3a9d3ccea27b981d680",
        "android_client_info": {
          "package_name": "com.example.loginfirebase"
        }
      },
      "oauth_client": [],
      "api_key": [
        {
          "current_key": "AIzaSyBF9KDtkSbdaIoHVEByx4x7mvKzTyyo92s"
        }
      ],
      "services": {
        "appinvite_service": {
          "other_platform_oauth_client": []
        }
      }
    }
  ],
  "configuration_version": "1"
}